title,url,topic,format,audience_segment,word_count,publish_date,views,engagement_rate,avg_time_on_page,conversions,search_rank,github_stars_growth,api_signups
Speech Recognition and TTS in less than 500kb,https://github.com/moonshine-ai/moonshine/tree/main/micro,API Design,sample_project,backend,184,2026-07-15,15411,0.1258741258741259,1111.7217846319177,20,,55,35
"I'm Making Strandfall, a Solarpunk Orienteering Larp",https://mssv.net/2026/04/29/im-making-strandfall-a-solarpunk-orienteering-larp/,Authentication,technical_blog,architects,154,2026-07-13,4253,0.1258741258741259,270.43502751808563,16,,19,31
"Goodbye, and Thanks for All the Bikesheds",https://queue.acm.org/detail.cfm?id=3818307,Cloud Infrastructure,technical_blog,devops,168,2026-07-18,6479,0.35,392.377510823406,38,,41,29
NYC may require landlords and realtors to disclose the use of AI in listings,https://petapixel.com/2026/07/16/mayor-mamdani-says-landlords-cant-secretly-use-ai-images-to-advertise-properties/,Database & Data,technical_blog,backend,392,2026-07-19,8612,0.35,160.9262809835371,33,,133,22
Elixir-lang.org has a new design,https://elixir-lang.org/,DevOps & CI/CD,technical_blog,devops,135,2026-07-18,8674,0.35,551.4588625287131,49,,58,68
AI Mania Is Eviscerating Global Decision-Making,https://ludic.mataroa.blog/blog/ai-mania-is-eviscerating-global-decision-making/#fnref:3,Frontend Frameworks,technical_blog,frontend,108,2026-07-19,3850,0.35,234.84269155823327,5,,40,4
Gleam Is Now on Tangled,https://tangled.org/gleam.run/gleam,Mobile Development,technical_blog,frontend,115,2026-07-18,7869,0.35,342.1336146800893,44,,43,46
Developing an Intuitive Sense of Scale,https://magworld.pw,Python & Data Science,technical_blog,backend,126,2026-07-15,930,0.14285714285714285,52.8664751014545,3,,4,5
Fable 5 vs. GPT-5.6 Sol on an NP-Hard Problem: Does /goal help?,https://charlesazam.com/blog/fable-5-gpt-5-6-sol-goal/,Web Security,technical_blog,frontend,324,2026-07-18,7106,0.35,379.12215954147877,15,,48,16
Is this the end of the once-mighty GoPro?,https://amateurphotographer.com/latest/photo-news/going-going-gone-is-this-the-end-of-the-once-mighty-gopro/,Serverless & Edge,technical_blog,devops,192,2026-07-15,6487,0.35,311.31897116625305,26,,41,44
Using self-hosted Umami for iOS app analytics,https://hjerpbakk.com/blog/2026/07/14/umami-for-apps,Mobile Development,technical_blog,frontend,161,2026-07-14,77,0.2,13.949153362328248,0,,1,0
Deepsec,https://github.com/vercel-labs/deepsec,API Design,sample_project,backend,100,2026-07-19,777,0.0,28.319957378626654,4,,3,5
"REO Trucks I4 4WD Pickup Truck Starts at $21,500",https://reotrucks.com,Authentication,technical_blog,backend,189,2026-07-18,1943,0.35,174.42165517926742,7,,9,6
I built a browser-based P2P file transfer tool using WebRTC,https://airdows.com/,Cloud Infrastructure,technical_blog,devops,220,2026-07-19,419,0.35,44.62099560316124,1,,1,0
Co-evolution of self-replication and function in a digital primordial soup,https://arxiv.org/abs/2607.09211,Serverless & Edge,technical_blog,devops,180,2026-07-19,2434,0.21212121212121213,121.14278973796333,15,,5,23
What's the deal with all the random weekly quota resets for agents lately?,https://minimaxir.com/2026/07/agent-quota-reset/,Database & Data,technical_blog,backend,312,2026-07-19,2031,0.35,51.10708052617533,13,,6,22
LG monitors silently install software through Windows Update without consent,https://videocardz.com/newz/lg-monitors-silently-install-software-through-windows-update-without-user-consent,DevOps & CI/CD,technical_blog,devops,230,2026-07-18,29652,0.35,3012.44465617677,68,,304,55
Parsoid,https://www.mediawiki.org/wiki/Parsoid,Frontend Frameworks,technical_blog,frontend,100,2026-07-11,645,0.05263157894736842,11.900325279543708,3,,5,4
FDA approves new kind of cholesterol pill,https://www.fda.gov/news-events/press-announcements/fda-approves-first-oral-pcsk9-inhibitor-lower-ldl-cholesterol-adults-high-cholesterol,Mobile Development,technical_blog,frontend,133,2026-07-19,1779,0.35,52.0554299594925,5,,4,8
IceCream – Never use print() to debug again,https://github.com/gruns/icecream,Python & Data Science,sample_project,backend,152,2026-07-19,294,0.15789473684210525,49.69048920328663,0,,3,0
Show HN: Q3Edit – Edit and play Quake 3 maps in the browser,https://q3edit.com,Web Security,technical_blog,frontend,325,2026-07-18,3083,0.2857142857142857,140.1629295381673,19,,12,27
A Second-Grade Teacher Revived a Beloved Video Game,https://www.nytimes.com/2026/07/13/style/backyard-baseball-video-game-teacher.html,API Design,technical_blog,backend,192,2026-07-13,1969,0.32558139534883723,210.1957753262618,9,,17,10
"Typing Speed Test, but for Developers",https://haxxorwpm.0s.is/,Authentication,technical_blog,backend,150,2026-07-19,1427,0.35,212.82519738236348,5,,6,9
Real-Time LuaTeX: Recompiling Large Documents in 1ms [pdf],https://www.tug.org/tug2026/preprints/lode-realtime.pdf,Cloud Infrastructure,technical_blog,devops,168,2026-07-19,1588,0.25,41.469258298272564,5,,10,6
Reviving a 15-year-old netbook with Arch Linux,https://parksb.github.io/en/article/41.html,Database & Data,technical_blog,backend,196,2026-07-14,7240,0.35,240.6899970692276,34,,56,65
Our Approach to Bioresilience: Isomorphic Labs and Google DeepMind,https://deepmind.google/blog/our-approach-to-bioresilience/,Mobile Development,technical_blog,frontend,225,2026-07-18,1425,0.2987012987012987,36.282097091397915,8,,8,11
LLM-Integrated Multivariable Calculus Course,https://calculus.academa.ai/,DevOps & CI/CD,technical_blog,devops,100,2026-07-19,788,0.35,20.659241697078034,2,,2,1
What AI did to stackoverflow in a graph,https://data.stackexchange.com/stackoverflow/query/1953768#graph,Frontend Frameworks,technical_blog,frontend,216,2026-07-18,12391,0.35,1073.979880154675,82,,60,77
Hardcore IndieWeb: Run your own website 100% independently for only $0.01/day,https://www.neatnik.net/hardcore-indieweb,Python & Data Science,technical_blog,backend,253,2026-07-19,4684,0.35,168.39525398148848,35,,26,61
"If You Build It, They Will Come",https://www.benlandautaylor.com/p/if-you-build-it-they-will-come,Web Security,technical_blog,frontend,161,2026-07-18,9233,0.3427835051546392,533.3483748061126,58,,112,110
A Visual Catalog of Retro Macintosh Software,https://www.marciot.com/mac68k-visual-catalog/,Serverless & Edge,technical_blog,devops,147,2026-07-12,1399,0.14285714285714285,26.87979645393473,6,,3,10
Scrying the AMD GFX1250 LLVM Tea Leaves,https://chipsandcheese.com/p/scrying-the-amd-gfx1250-llvm-tea,API Design,technical_blog,backend,133,2026-07-19,585,0.0,7.420811117596015,1,,3,1
GPT-5.6 used a prompt to close a 30-year gap in convex optimization,https://old.reddit.com/r/math/comments/1uxj3cy/after_openais_cdc_proof_announcement_gpt56_used_a/,Authentication,technical_blog,backend,216,2026-07-18,9486,0.35,1021.883709116172,21,,74,23
Mathematicians still don't know the fastest way to multiply numbers,https://www.scientificamerican.com/article/mathematicians-still-dont-know-the-fastest-way-to-multiply-numbers/,Cloud Infrastructure,technical_blog,devops,240,2026-07-13,3151,0.35,241.0976577673779,3,,23,5
Making Software: How to make a font,https://www.makingsoftware.com/chapters/how-to-make-a-font,Database & Data,technical_blog,backend,189,2026-07-14,814,0.15151515151515152,69.61414626028665,2,,8,2
Codex Resets,https://codex-resets.com/,DevOps & CI/CD,sample_project,devops,100,2026-07-19,5815,0.35,426.18113530674475,16,,12,23
The Kimi K3 Moment,https://stephen.bochinski.dev/blog/2026/07/18/the-kimi-k3-moment/,Frontend Frameworks,technical_blog,frontend,100,2026-07-18,10201,0.35,655.1891668191475,33,,39,59
Transcribe.cpp,https://workshop.cjpais.com/projects/transcribe-cpp,Python & Data Science,technical_blog,backend,100,2026-07-19,12262,0.18181818181818182,1336.0033423396321,72,,82,129
Better and Cheaper Than IPTV,https://github.com/stupside/castor,Web Security,sample_project,frontend,100,2026-07-19,5300,0.24242424242424243,97.04709332048813,40,,17,23
"Classic Amiga titles, free to download",https://amigafreeware.downer.tech/,Serverless & Edge,technical_blog,devops,162,2026-07-19,2882,0.14953271028037382,82.19808072176812,10,,17,7
"Setting up your spare Mac for Claude Code to control, a step-by-step guide",https://ykdojo.github.io/claude-controls-mac/,API Design,sample_project,backend,325,2026-07-18,4351,0.35,339.5632729757277,8,,44,11
Searchable field-level encryption on Supabase with CipherStash,https://supabase.com/blog/searchable-field-level-encryption-with-cipherstash,Web Security,technical_blog,frontend,154,2026-07-15,737,0.1935483870967742,61.31460842652958,2,,7,1
Judge a book by its first pages,https://uncovered.ink,Authentication,technical_blog,architects,168,2026-07-19,1865,0.35,132.7842375665178,9,,7,16
The Zilog Z80 has turned 50,https://goliath32.com/blog/z80.html,Cloud Infrastructure,technical_blog,devops,126,2026-07-18,7067,0.35,106.21204783367732,41,,30,27
Tech note: making your own V-I plots at home,https://lcamtuf.substack.com/p/tech-note-making-your-own-v-i-plots,Database & Data,technical_blog,backend,180,2026-07-18,2043,0.1282051282051282,223.8427069765631,11,,13,6
How GitHub gave every repository a durable owner,https://github.blog/security/application-security/how-github-gave-every-repository-a-durable-owner/,DevOps & CI/CD,technical_blog,devops,176,2026-07-10,1563,0.30864197530864196,166.18650881243096,2,,19,3
Harness Engineering,https://github.com/lopopolo/harness-engineering,Frontend Frameworks,sample_project,frontend,100,2026-07-19,978,0.35,85.76573450839231,7,,17,7
GTX 1080s: Testing a Legend,https://www.lttlabs.com/articles/2026/07/15/gtx-1080s-revisiting-legends,Mobile Development,technical_blog,frontend,115,2026-07-16,1692,0.35,229.10127333294238,12,,5,23
TP-Link Kasa cameras leaked home GPS via unauthenticated UDP for 6 years,https://github.com/BadChemical/IoT-Vulnerability-Research-Public/blob/main/TP-Link_Kasa_EC71/Kasa_EC71.md,Authentication,sample_project,backend,216,2026-07-18,5283,0.35,335.30250314648157,8,,62,15
Regressive JPEGs,https://maurycyz.com/projects/bad_jpeg/,Python & Data Science,technical_blog,backend,100,2026-07-18,14388,0.10059171597633136,405.899338621127,19,,113,10
The Computer at the Bottom of a Canal,https://negroniventurestudios.com/2026/07/18/the-computer-at-the-bottom-of-a-canal/,Serverless & Edge,technical_blog,devops,152,2026-07-18,3063,0.25161290322580643,315.37060731131606,10,,45,11
Show HN: IKEA Complexity Index,https://ikea.greg.technology/,API Design,technical_blog,backend,100,2026-07-18,4327,0.35,205.31719829213813,6,,8,3
"Google's Gemini delay: Coding stumbles, clashing teams and frustrated engineers",https://www.latimes.com/business/story/2026-07-17/inside-googles-gemini-delay-coding-stumbles-clashing-teams-frustrated-engineers,Cloud Infrastructure,technical_blog,devops,190,2026-07-19,439,0.2727272727272727,17.579743490346534,2,,1,2
AWS: Inaccurate Estimated Billing Data – $1.7 billion,https://news.ycombinator.com/item?id=48945241,Cloud Infrastructure,technical_blog,devops,208,2026-07-17,38730,0.35,2404.5400948825013,152,,146,222
Qubes OS Security in the Public Record,https://arxiv.org/abs/2607.14587,Web Security,technical_blog,frontend,126,2026-07-18,2007,0.1744186046511628,151.6130943907082,2,,22,2
Advances in Real Time Rendering in Games,https://advances.realtimerendering.com,Database & Data,technical_blog,backend,196,2026-07-17,377,0.23076923076923078,31.37372306765212,2,,2,3
Kimi K3: Open Frontier Intelligence,https://www.kimi.com/blog/kimi-k3,DevOps & CI/CD,technical_blog,devops,105,2026-07-16,32599,0.35,1094.9559460725043,206,,424,383
Static search trees: 40x faster than binary search (2024),https://curiouscoding.nl/posts/static-search-tree/,Frontend Frameworks,technical_blog,frontend,162,2026-07-18,5053,0.08108108108108109,215.76619252887244,12,,53,6
I started a “dirt notebook”,https://pinewind.bearblog.dev/i-started-a-dirt-notebook/,Mobile Development,technical_blog,frontend,115,2026-07-18,3947,0.35,74.69722239341914,19,,27,37
Impro is a handbook for running a cult,https://www.seangoedecke.com/impro/,Python & Data Science,technical_blog,backend,160,2026-07-19,400,0.08333333333333333,13.85157502182464,1,,2,1
Thanks HN for 15 years of support and helping me find my life's work,https://news.ycombinator.com/item?id=48949551,Serverless & Edge,technical_blog,devops,308,2026-07-17,25466,0.125,2372.770220195552,179,,53,105
Fayetteville officers fired for misusing license plate system,https://www.washingtonpost.com/business/2025/03/14/programming-jobs-lost-artificial-intelligence/,API Design,technical_blog,backend,192,2026-07-19,198,0.2,5.833007891176397,0,,0,0
In-toto: A framework to secure the integrity of software supply chains,https://in-toto.io/,Authentication,technical_blog,architects,209,2026-07-17,2411,0.203125,152.22821590920384,11,,19,11
First atmosphere found on Earth-like planet in habitable zone of distant star,https://www.bbc.com/news/articles/cy4kdd1e0ejo,Database & Data,technical_blog,backend,228,2026-07-17,19311,0.35,1455.986817919125,100,,37,61
Circular Obstacle Pathfinding (2017),https://redblobgames.github.io/circular-obstacle-pathfinding/,DevOps & CI/CD,technical_blog,devops,100,2026-07-13,453,0.06666666666666667,16.67711829679977,2,,6,2
"Waldi: A quiet place to write, and to be read",https://github.com/waaldev/waldi,Frontend Frameworks,sample_project,frontend,240,2026-07-12,1633,0.35,57.72554767939533,2,,12,2
Painting the sides of railroad rails white to reduce derailment,https://www.up.com/news/safety/Tracking-Rail-Heat-260608,Mobile Development,technical_blog,frontend,200,2026-07-18,2185,0.35,383.8377042162673,16,,24,26
DrDroid (YC W23) Is Hiring,https://www.ycombinator.com/companies/drdroid/jobs/w45QcNV-product-engineer-assignment-mandatory,Python & Data Science,technical_blog,backend,115,2026-07-18,34,0.0,2.6099931240886693,0,,0,0
Revisiting Yliluoma's ordered dither algorithm,https://30fps.net/pages/revisiting-yliluoma-2/,Web Security,technical_blog,frontend,100,2026-07-13,739,0.23809523809523808,119.96189850683193,5,,9,7
Open Book Touch: open-source e-reader,https://www.crowdsupply.com/oddly-specific-objects/open-book-touch,Serverless & Edge,technical_blog,devops,110,2026-07-18,3916,0.34355828220858897,251.47725314840295,28,,20,54
Anthropic's newest ad is creeping people out,https://techcrunch.com/2026/07/14/anthropics-newest-ad-is-creeping-people-out/,API Design,technical_blog,backend,140,2026-07-19,956,0.13513513513513514,71.02796801930715,6,,5,5
Even Microsoft couldn't make Windows 11 work well on 8GB of RAM,https://www.theverge.com/tech/966937/microsoft-surface-laptop-13-inch-8gb-ram-2026-review,Authentication,technical_blog,architects,312,2026-07-19,687,0.35,101.49703676926266,4,,9,7
Stenchill: 3D Printable Solder Paste Stencil Generator,https://www.stenchill.com/en/,Cloud Infrastructure,technical_blog,devops,140,2026-07-18,3133,0.325,220.1592371654682,13,,6,10
Topcoat: The full full-stack framework for Rust,https://github.com/tokio-rs/topcoat,Database & Data,sample_project,backend,147,2026-07-18,2293,0.35,155.82360351028427,13,,18,21
Camera Chase Vehicle,https://transistor-man.com/gimbal_camera_rover.html,DevOps & CI/CD,technical_blog,devops,100,2026-07-10,10089,0.09765625,318.59733015734327,10,,30,16
Fake food delivery site for the dopamine,https://old.reddit.com/r/BingeEatingDisorder/comments/1uzr3ui/fake_food_delivery_site_for_the_dopamine/,Frontend Frameworks,technical_blog,frontend,133,2026-07-18,2043,0.35,217.09056678399344,4,,20,5
Show HN: Watch bots interact with an SSH honeypot in real time,https://honeypotlive.cc/,Mobile Development,technical_blog,frontend,324,2026-07-17,2886,0.3352272727272727,205.53185104507338,16,,24,30
Funny item co-occurrences in 3.2M Instacart orders,https://rogerdickey.com/funny-item-co-occurrences-in-3-million-instacart-orders/,Python & Data Science,technical_blog,backend,126,2026-07-15,1062,0.35,93.64483936508842,7,,4,8
An Update on Igalia's Layer Based SVG Engine in WebKit (Reducing Layer Overhead),https://blogs.igalia.com/nzimmermann/posts/2026-07-14-lbse-conditional-layers/,Web Security,technical_blog,frontend,364,2026-07-14,2411,0.05555555555555555,202.3580998468169,12,,15,11
curl can be used to send emails with SMTP,https://mastodon.social/@chr1stian/116924759058231144,Serverless & Edge,technical_blog,devops,225,2026-07-19,1058,0.06060606060606061,53.04077149934092,3,,6,3
"Kimi K3, and what we can still learn from the pelican benchmark",https://simonwillison.net/2026/Jul/16/kimi-k3/,API Design,technical_blog,backend,324,2026-07-17,6937,0.35,997.704892435301,53,,32,61
Three ways people respond to a problem (other than solving it),https://improvesomething.today/responses-to-problems/,Authentication,technical_blog,backend,297,2026-07-17,9421,0.35,617.9264796727817,23,,70,44
More Bounce to the Ounce,https://mceglowski.substack.com/p/more-bounce-to-the-ounce,Cloud Infrastructure,technical_blog,devops,100,2026-07-17,4840,0.35,42.513585768736654,5,,21,7
Frank Lloyd Wright’s first home,https://www.architecturaldigest.com/story/frank-lloyd-wright-home-and-studio-everything-you-need-to-know,Database & Data,technical_blog,backend,105,2026-07-13,3928,0.35,101.97609262862647,6,,29,7
Learning a few things about running SQLite,https://jvns.ca/blog/2026/07/17/learning-about-running-sqlite/,Database & Data,technical_blog,backend,168,2026-07-17,7312,0.2545454545454545,936.5795476870849,35,,55,56
"Battery packs: Let's talk about crates, baby",https://smallcultfollowing.com/babysteps/blog/2026/07/15/battery-packs/,DevOps & CI/CD,technical_blog,devops,147,2026-07-17,1308,0.35,51.041052000241976,3,,8,1
Evidence of inconsistencies in evaluation process and selection of winners,https://www.kaggle.com/competitions/kaggle-measuring-agi/discussion/724918#3498423,Frontend Frameworks,technical_blog,frontend,210,2026-07-17,14341,0.35,175.36183520024093,112,,68,65
Vāgdhenu: A Sanskrit Chanting TTS System,https://prathosh.in/vagdhenu/,Mobile Development,technical_blog,frontend,156,2026-07-13,3799,0.25118483412322273,632.639291810299,25,,59,49
CD sales growth outpaced vinyl in the first half of 2026,https://consequence.net/2026/07/the-cd-revival-is-getting-hard-to-ignore/,Python & Data Science,technical_blog,backend,220,2026-07-16,4960,0.35,265.16574276317635,5,,56,3
EU ban on destruction of unsold clothes and shoes enters into application,https://environment.ec.europa.eu/news/ban-destruction-unsold-clothes-and-shoes-enters-application-2026-07-17_en,Mobile Development,technical_blog,frontend,228,2026-07-18,6770,0.35,472.2030584455747,19,,76,13
British runner Josh Kerr breaks world record for mile which stood for 27 years,https://news.sky.com/story/british-runner-josh-kerr-breaks-world-record-for-mile-which-had-stood-for-27-years-13564688,Web Security,technical_blog,frontend,392,2026-07-18,2885,0.35,60.13503765945294,18,,31,28
The LLM Critics Are Right. I Use LLMs Anyway,https://www.theocharis.dev/blog/llm-critics-are-right-i-use-llms-anyway/,Serverless & Edge,technical_blog,devops,252,2026-07-16,5025,0.35,881.0088046883071,27,,74,18
Latent Space as a New Medium,https://kevinkelly.substack.com/p/latent-space-as-a-new-medium,API Design,technical_blog,backend,138,2026-07-13,1683,0.30357142857142855,230.6070637586015,3,,7,3
Gap in Mochizuki's proof of ABC confirmed by Lean,https://twitter.com/FumiharuKato/status/2078017230537892207,Authentication,technical_blog,backend,180,2026-07-19,740,0.03333333333333333,21.450989946158828,0,,2,0
Show HN: Peek-CLI: Let Claude Code iterate on front end designs,https://github.com/puffinsoft/peek-cli,Cloud Infrastructure,sample_project,devops,231,2026-07-19,117,0.2,5.698662745914007,0,,0,0
Steam Machine: Between 12k and 15k Units Sold per week,https://boilingsteam.com/steam-machine-between-10k-and-15k-sold-per-week/,DevOps & CI/CD,technical_blog,devops,280,2026-07-18,2806,0.35,56.148149267066245,16,,20,27
No link between acetaminophen use during pregnancy and adverse birth outcomes,https://sph.unc.edu/sph-news/no-link-between-acetaminophen-use-during-pregnancy-and-adverse-birth-outcomes-study-finds/,Frontend Frameworks,technical_blog,frontend,198,2026-07-18,1762,0.35,193.81144797500752,5,,16,3
AI Meets Cryptography 2: What AI Found in OpenVM's ZkVM,https://blog.zksecurity.xyz/posts/openvm-bugs/,Python & Data Science,technical_blog,backend,240,2026-07-17,2603,0.09090909090909091,252.83375600807574,8,,14,14
Workspaces – Explore the workspaces of modern creators,https://workspaces.xyz/,Web Security,technical_blog,frontend,176,2026-07-17,1586,0.35,31.49390885119761,3,,17,5
"How Has Roman Concrete Lasted for Millennia? 1,900-Year-Old Latrine Offers Clues",https://www.smithsonianmag.com/smart-news/how-has-roman-concrete-lasted-for-millennia-a-1900-year-old-latrine-offers-new-clues-about-the-materials-impressive-durability-180989115/,Serverless & Edge,technical_blog,devops,297,2026-07-17,7758,0.35,509.2420843647459,31,,46,29
Designing emoji for the way we communicate today,https://blog.google/products-and-platforms/platforms/android/world-emoji-day-noto-3d/,API Design,technical_blog,backend,216,2026-07-17,1765,0.35,117.43589265128007,6,,10,11
Microsoft Comic Chat is now open source,https://opensource.microsoft.com/blog/2026/07/16/microsoft-comic-chat-is-now-open-source/,Authentication,technical_blog,backend,147,2026-07-16,18353,0.2191780821917808,869.250878310941,115,,184,111
Faster binary search: from compiled code to mechanical sympathy,https://pythonspeed.com/articles/branchless-binary-search/,Cloud Infrastructure,sample_project,devops,252,2026-07-12,1798,0.21428571428571427,36.54554497407311,8,,9,15
Helium escaping from atmosphere of nearby rocky exoplanet in a habitable zone,https://www.science.org/doi/10.1126/science.aea9708,API Design,technical_blog,backend,240,2026-07-17,2271,0.35,289.8564957037566,11,,10,11
The lost joy of music piracy,https://www.pigeonsandplanes.com/read/music-piracy-what-cd-oink-nine-inch-nails-streaming,Database & Data,technical_blog,backend,120,2026-07-16,25533,0.35,1826.6490945237647,39,,98,24
Cloud providers are out of B200 GPUs after the Inkling release,https://twitter.com/Akashi203/status/2078615659366252877,Cloud Infrastructure,technical_blog,devops,242,2026-07-19,284,0.3333333333333333,4.888362177609217,0,,0,0
Decoy Font,https://www.mixfont.com/experiments/decoy-font,DevOps & CI/CD,technical_blog,devops,100,2026-07-16,16004,0.22191011235955055,391.89471079401136,110,,168,62
Mathematics of Data Science,https://arxiv.org/abs/2607.11938,Database & Data,technical_blog,backend,100,2026-07-17,5923,0.06542056074766354,184.18885492963986,32,,51,46
The Voice of Google,https://www.newyorker.com/culture/the-weekend-essay/the-voice-of-google,Frontend Frameworks,technical_blog,frontend,104,2026-07-18,380,0.07692307692307693,24.4543043023222,2,,3,1
"Kaiser nurses say AI, surveillance are making their jobs and patient care worse",https://localnewsmatters.org/2026/07/15/kaiser-nurses-say-ai-workplace-surveillance-are-making-their-jobs-and-patient-care-worse/,Mobile Development,technical_blog,frontend,273,2026-07-18,9463,0.35,468.479073434639,71,,72,70
Ente – Opening Our Books,https://ente.com/open/,Python & Data Science,technical_blog,backend,140,2026-07-16,5907,0.35,250.89894691912087,14,,39,9
Roko's Dancing Basilisk,https://boston.conman.org/2025/12/02.1,Web Security,technical_blog,frontend,100,2026-07-16,394,0.35,7.545981766246247,1,,1,1
Apple targets dozens of OpenAI employees with legal letters,https://www.ft.com/content/1b8c9d52-88a9-426b-ba47-f1811f859166,Mobile Development,technical_blog,frontend,180,2026-07-17,9255,0.35,617.1160112180312,73,,119,78
MoonBASIC: A modern BASIC for building 2D and 3D games,https://github.com/CharmingBlaze/moonbasic,Serverless & Edge,sample_project,devops,260,2026-07-14,1950,0.35,80.15682349554405,6,,7,8
How to Train a Gen AI Kick Drum Model on Your Old Linux Desktop with 6GB VRAM,https://www.zhinit.dev/blog/training-a-kick-drum-diffusion-model,Authentication,technical_blog,architects,476,2026-07-16,5971,0.35,341.85031265069705,32,,30,63
Lobste.rs is now running on SQLite,https://lobste.rs/s/ko1ji1,Database & Data,technical_blog,backend,126,2026-07-14,3894,0.35,210.29696064987567,19,,12,11
Inkling: Our Open-Weights Model,https://thinkingmachines.ai/news/introducing-inkling/,DevOps & CI/CD,technical_blog,devops,100,2026-07-15,36203,0.23950617283950618,575.5547196319311,50,,96,75
British Steel taken into public ownership to protect 'vital' UK supply,https://www.bbc.com/news/articles/c5y680w62wno,Frontend Frameworks,technical_blog,frontend,275,2026-07-16,4484,0.35,327.56596176755005,14,,13,17
"If you want to create a button from scratch, you must first create the universe",https://madcampos.dev/blog/2026/07/accessibility-from-scratch/,Python & Data Science,technical_blog,backend,345,2026-07-16,7373,0.35,176.5582391210499,39,,33,64
'Likweli': A new monkey species discovered in the Congo Basin,https://news.yale.edu/2026/07/15/meet-likweli-new-monkey-species-discovered-congo-basin,Web Security,technical_blog,frontend,250,2026-07-17,2648,0.2605042016806723,300.912685189577,3,,20,4
Teardown: A Generic 7-Port USB 3.0 Hub That Wasn't,https://goughlui.com/2026/07/09/teardown-a-generic-7-port-usb-3-0-hub-that-wasnt/,Serverless & Edge,technical_blog,devops,180,2026-07-12,8977,0.35,684.0082617131677,45,,49,56
Pebble Mega Update – July 2026,https://repebble.com/blog/pebble-mega-update-july-2026,API Design,technical_blog,backend,114,2026-07-17,9891,0.35,210.4717273376166,57,,77,82
Sony deletes more movies from the accounts of people who ‘bought’ them,https://www.techdirt.com/2026/07/15/sony-deletes-a-bunch-more-movies-from-the-accounts-of-people-who-bought-them/,Authentication,technical_blog,architects,252,2026-07-16,25480,0.35,309.7330613687867,79,,49,85
VulnHunter: Capital One's agentic AI code security tool,https://www.capitalone.com/tech/open-source/announcing-vulnhunter/,API Design,sample_project,backend,208,2026-07-17,2192,0.35,82.13927815389755,3,,21,3
"FAA lets Boeing sign off on 737 MAX, 787 airworthiness certificates again",https://www.cnbc.com/2026/07/17/faa-boeing-737-max-787.html,Cloud Infrastructure,technical_blog,devops,264,2026-07-18,3904,0.35,377.2268882038613,18,,47,11
Goes-19 weather satellite enters Safe Hold mode,https://www.spaceweather.gov/news/goes-19-safe-hold,DevOps & CI/CD,technical_blog,devops,175,2026-07-16,3688,0.35,266.95970594359306,3,,13,1
Popular sugar substitutes linked to faster brain aging,https://www.sciencedaily.com/releases/2026/07/260717033213.htm,Frontend Frameworks,technical_blog,frontend,208,2026-07-19,732,0.35,82.48032410301356,2,,4,2
GitRoot,https://gitroot.dev/,Mobile Development,technical_blog,frontend,100,2026-07-18,485,0.21428571428571427,16.68615812202669,3,,2,2
Pico W firmware creates driverless USB WiFi bridge (Layer-2),https://www.cnx-software.com/2026/07/16/pico-usb-wifi-converts-the-raspberry-pi-pico-w-into-a-driverless-usb-wifi-adapter/,Python & Data Science,technical_blog,backend,171,2026-07-19,614,0.05555555555555555,35.81530598281433,2,,2,1
Traders are increasingly betting against SpaceX just weeks after IPO,https://www.ft.com/content/2b96703d-440b-46db-8d86-9fff9ecc59d5,Web Security,technical_blog,frontend,210,2026-07-18,788,0.35,44.934404933746556,3,,8,5
Engineering Peace,https://asteriskmag.com/issues/14/engineering-peace,Serverless & Edge,technical_blog,devops,100,2026-07-11,486,0.29411764705882354,37.518490726990706,0,,2,0
NotebookLM is now Gemini Notebook,https://blog.google/innovation-and-ai/products/gemini-notebook/notebooklm-gemini-notebook/,Authentication,technical_blog,architects,130,2026-07-16,13674,0.35,618.3322323373849,48,,40,33
OnePlus halts operations in USA and Europe,https://community.oneplus.com/thread/2170715118587871237,Cloud Infrastructure,technical_blog,devops,175,2026-07-16,10171,0.35,1519.449321874434,63,,83,79
Show HN: Clx – Compile Lua to Native Executables Through C++20,https://github.com/samyeyo/clx,Database & Data,sample_project,backend,209,2026-07-11,5274,0.22535211267605634,229.8527006913348,18,,22,20
"Moonstone: Modern, cross-platform Lua runtime and package manager written in Zig",https://moonstone.sh/,DevOps & CI/CD,technical_blog,devops,220,2026-07-18,1734,0.3181818181818182,97.99118058192623,5,,6,6
Three workers digging in a field outside the data center,https://sign2.nl/websign/three-workers-digging-in-a-field-outside-the-data-center-by-dinnis-van-dijken/,Database & Data,technical_blog,backend,220,2026-07-18,464,0.35,8.268442229986645,1,,1,1
$100 AI Music Video: Claude Fable 5 vs. GPT-5.6 Sol,https://www.tryai.dev/blog/ai-music-video-arena-claude-vs-gpt-5.6,Frontend Frameworks,technical_blog,frontend,270,2026-07-17,10831,0.35,633.5674701017031,22,,62,39
Pseudpocalypse,https://dynomight.net/pseudpocalypse/,Mobile Development,technical_blog,frontend,100,2026-07-14,3222,0.35,346.9556237050961,7,,30,13
Lego building instructions through time,https://www.lego.com/en-us/history/articles/d-lego-building-instructions-through-time,Python & Data Science,technical_blog,backend,140,2026-07-17,4806,0.2597402597402597,316.2371412809947,23,,35,42
Estimating the heights of New Yorkers from their scuff marks,https://blog.jse.li/posts/smith9street/,Web Security,technical_blog,frontend,250,2026-07-14,828,0.3,69.30845376888246,2,,2,1
A24 Is Copyright Striking Backrooms Artwork Older Than the Movie,https://www.thegamer.com/the-backrooms-a24-copyright-strike-artwork/,Serverless & Edge,technical_blog,devops,250,2026-07-18,681,0.045454545454545456,8.789484193745015,1,,1,1
Recreating the Bell Labs Cafeteria,https://danielmiessler.com/blog/recreating-the-bell-labs-cafeteria,API Design,technical_blog,backend,100,2026-07-18,261,0.08333333333333333,24.691993858216602,1,,3,1
Reynard: A real Firefox web browser for iOS 13 or later,https://github.com/minh-ton/reynard-browser,Mobile Development,sample_project,frontend,264,2026-07-16,4437,0.3254437869822485,366.9835693246399,33,,27,35
Jurassic Park computers in excruciating detail,https://fabiensanglard.net/jurrasic_park_computers/index.html,Authentication,technical_blog,architects,138,2026-07-15,18803,0.2654774396642183,1677.1819155073629,58,,127,66
How Our Rust-to-Zig Rewrite Is Going,https://rtfeldman.com/rust-to-zig,Cloud Infrastructure,technical_blog,devops,120,2026-07-16,18651,0.35,592.842821102945,25,,87,29
Let's Build PlanetScale from Scratch: Infrastructure,https://onatm.dev/2026/07/16/homescale-part-1/,DevOps & CI/CD,technical_blog,devops,144,2026-07-16,3341,0.14084507042253522,410.72104308510245,26,,31,38
LM Studio Bionic: the AI agent for open models,https://lmstudio.ai/blog/introducing-lm-studio-bionic,Frontend Frameworks,technical_blog,frontend,162,2026-07-17,9119,0.35,768.4555843544239,59,,70,71
Turn your singing voice into printable notes (in the browser),https://om-intelligence.ch/projects/vocal-notation/vocal-notation.html,Python & Data Science,technical_blog,backend,240,2026-07-14,2911,0.2826086956521739,198.25711761065793,6,,7,4
The Isomorphic Labs Drug Design Engine unlocks a new frontier beyond AlphaFold,https://www.isomorphiclabs.com/articles/the-isomorphic-labs-drug-design-engine-unlocks-a-new-frontier,Web Security,technical_blog,frontend,240,2026-07-18,2002,0.09876543209876543,196.53988730231757,6,,18,4
The state of open source AI,https://stateofopensource.ai/,Serverless & Edge,technical_blog,devops,108,2026-07-17,17244,0.35,242.3176678535894,39,,63,68
Frame – Linux X server in Assembly,https://isene.org/2026/07/Frame.html,API Design,technical_blog,backend,189,2026-07-17,5674,0.35,351.3998746215202,40,,37,72
EEG shows brain can simultaneous encode two speech streams,https://journals.plos.org/plosbiology/article?id=10.1371/journal.pbio.3003876,Authentication,sample_project,architects,171,2026-07-17,5076,0.35,734.2567780379817,26,,68,21
Show HN: A zoomable timeline of 4M Wikipedia events,https://app.everything.diena.co/,Cloud Infrastructure,technical_blog,devops,198,2026-07-18,3315,0.35,82.23065994578984,24,,5,13
Launch HN: Traceforce (YC S26) – Company-wide security monitoring for AI apps,https://news.ycombinator.com/item?id=48937020,Mobile Development,technical_blog,frontend,252,2026-07-16,997,0.35,26.57098395951164,2,,3,1
I also filed the corners off my MacBook,https://www.brt.fyi/posts/mac-book-filing/,Database & Data,technical_blog,backend,200,2026-07-15,8370,0.35,168.89736644542455,27,,32,28
The kids with phones are alright,https://heatherburns.tech/2026/07/08/the-kids-with-phones-are-alright/,DevOps & CI/CD,technical_blog,devops,126,2026-07-11,9345,0.35,121.68893175440478,56,,26,35
Alzheimer's trial results lend momentum to strategies targeting tau,https://www.science.org/content/article/alzheimer-s-trial-results-lend-momentum-strategies-targeting-tau,Frontend Frameworks,technical_blog,frontend,198,2026-07-17,776,0.21428571428571427,43.96935562990413,3,,8,4
An Engineer's Guide to USB Typе-С (2024),https://www.ti.com/lit/eb/slyy228/slyy228.pdf?ts=1759892558029,Python & Data Science,tutorial,backend,168,2026-07-10,9372,0.26440677966101694,696.8839441876555,45,,83,72
Claude Code(Fable) refused my slow down instruction,https://qusaisuwan.github.io/cc-incident/index.html,Web Security,sample_project,frontend,140,2026-07-18,914,0.35,57.611011728816834,3,,5,2
Job queues are deceptively tricky,https://typesanitizer.com/blog/job-queues.html,Serverless & Edge,technical_blog,devops,110,2026-07-14,3172,0.3404255319148936,221.01297851611557,3,,26,5
Stripe and Advent have made a joint offer to acquire PayPal – sources,https://www.reuters.com/business/finance/stripe-advent-offer-buy-paypal-more-than-53-billion-sources-say-2026-07-15/,API Design,technical_blog,backend,234,2026-07-15,13521,0.35,549.3528919258636,76,,109,85
A Road to Lisp: Which Lisp,https://scotto.me/blog/2026-07-17-which-lisp/,Authentication,technical_blog,architects,150,2026-07-17,3256,0.35,489.9367400853895,15,,52,27
Immersive Linear Algebra Book with Interactive Figures (2015),https://immersivemath.com/ila/,Cloud Infrastructure,technical_blog,devops,224,2026-07-16,9413,0.10380622837370242,124.33389461554769,63,,56,36
Collection of Digital Clock Designs,https://clocks.dev,Database & Data,technical_blog,backend,115,2026-07-15,11554,0.16611295681063123,541.0155001044685,60,,29,76
Old Icons,https://leancrew.com/all-this/2026/07/old-icons/,DevOps & CI/CD,technical_blog,devops,100,2026-07-12,1532,0.30303030303030304,200.07137410175017,6,,27,9
We're Building Postgres in Rust. Using the LLVM of Databases,https://turso.tech/blog/a-new-modern-version-of-postgres-in-rust,Database & Data,technical_blog,backend,180,2026-07-16,2354,0.2358490566037736,174.3735469859955,13,,22,22
Fable 5 finds major bugs in 10 year old open source game networking libraries,https://www.patreon.com/MasBandwidth/posts/important-news-164199395,Frontend Frameworks,technical_blog,frontend,378,2026-07-19,427,0.0,26.45339284410008,3,,1,4
Ring-Zero: Scaling Zero RL to a Trillion Parameters for Emergent Reasoning,https://arxiv.org/abs/2607.12395,Mobile Development,technical_blog,frontend,209,2026-07-17,1485,0.35,27.717995335671375,5,,3,6
Tannakian Reconstruction,https://bartoszmilewski.com/2026/07/14/tannakian-reconstruction/,Python & Data Science,technical_blog,backend,100,2026-07-14,1120,0.09090909090909091,53.616357842096726,4,,5,2
"Aurora DSQL: Scalable, Multi-Region OLTP",https://arxiv.org/abs/2607.13276,Database & Data,technical_blog,backend,130,2026-07-18,693,0.09523809523809523,41.70072162610134,1,,1,1
Ask HN: What Are You Working On? (July 2026),https://news.ycombinator.com/item?id=48884984,Web Security,technical_blog,frontend,180,2026-07-13,11008,0.35,371.2338451042502,40,,75,75
"Today I Rescued 7,234 Old GIFs",https://danq.me/2026/07/10/rescuing-7234-gifs/,Serverless & Edge,technical_blog,devops,162,2026-07-13,5704,0.16216216216216217,319.7730995939641,25,,39,37
Abstracting Effects with Continuations,https://crowdhailer.me/2026-07-15/abstracting-effects-with-continuations/,API Design,technical_blog,backend,100,2026-07-16,2632,0.0821917808219178,196.8878318767492,16,,13,28
Launch HN: Coasty (YC S26) – An API for computer-use agents,https://coasty.ai/docs,API Design,technical_blog,backend,264,2026-07-15,1340,0.35,32.09747287059287,10,,12,9
Mac gaming is finally getting the overpowered upgrade it deserves,https://www.macworld.com/article/3189951/apples-latest-game-porting-toolkit-beta-changed-how-i-think-about-mac-gaming.html,Authentication,technical_blog,architects,220,2026-07-18,2155,0.35,126.89716201109053,10,,15,18
Towards a harness that can do anything,https://eardatasci.github.io/c/ambiance/index.html,Cloud Infrastructure,technical_blog,devops,182,2026-07-15,6045,0.35,458.7457799679687,14,,19,27
Show HN: Leaves – A text-UI disk usage treemap visualizer,https://github.com/patonw/leaves,DevOps & CI/CD,sample_project,devops,210,2026-07-16,1766,0.32222222222222224,122.02465245025013,3,,21,5
Making 768 servers look like 1,https://planetscale.com/blog/making-768-servers-look-like-1,Frontend Frameworks,technical_blog,frontend,150,2026-07-16,3230,0.35,252.24802696707354,25,,19,46
Sleep regularity is a stronger predictor of mortality risk than sleep duration (2023),https://academic.oup.com/sleep/article/47/1/zsad253/7280269,Mobile Development,technical_blog,frontend,247,2026-07-15,22956,0.35,565.136301380469,62,,219,94
Grok Build is open source,https://github.com/xai-org/grok-build,Python & Data Science,sample_project,backend,135,2026-07-16,10270,0.35,684.0721667233248,53,,101,40
The privacy problems hidden in your period tracker,https://www.bbc.com/future/article/20260715-how-period-trackers-share-womens-private-details,Web Security,technical_blog,frontend,184,2026-07-17,1873,0.35,196.28773013689198,8,,26,11
Homomorphically encrypted CIFAR-10 inference in 200ms,https://sofar.belfortlabs.cloud/,Serverless & Edge,technical_blog,devops,132,2026-07-17,2312,0.35,54.16169962441963,6,,18,10
Guide to data tools landscape for developers,https://sinja.io/blog/data-landscape-guide-for-developers,Database & Data,tutorial,backend,154,2026-07-16,3916,0.27692307692307694,135.23203622164976,8,,7,7
Supplement that binds to microplastics may remove them from our body,https://www.newscientist.com/article/2580139-supplement-that-binds-to-microplastics-may-remove-them-from-our-body/,Authentication,technical_blog,backend,308,2026-07-19,349,0.14285714285714285,28.936975160462456,2,,3,3
In Praise of Exhaustive Destructuring,https://antoine.vandecreme.net/blog/exhaustive-destructuring-praise/,Cloud Infrastructure,technical_blog,devops,140,2026-07-12,828,0.14285714285714285,101.84197186390831,3,,3,5
Next UK prime minister Andy Burnham drops digital ID scheme,https://www.reuters.com/world/uk/next-uk-prime-minister-andy-burnham-drops-digital-id-scheme-2026-07-18/,DevOps & CI/CD,technical_blog,devops,250,2026-07-19,294,0.2222222222222222,23.77063591617842,2,,1,2
Open-Source Communism,https://continuouswritting.substack.com/p/open-source-communism,Frontend Frameworks,technical_blog,frontend,100,2026-07-19,159,0.0,20.45382259337249,0,,0,0
Australian energy retailers must offer three hours of free daytime electricity,https://lenergy.com.au/free-daytime-electricity-is-coming-heres-how-it-actually-works/,Mobile Development,technical_blog,frontend,242,2026-07-14,10901,0.35,721.6930646234395,81,,76,131
Detecting LLM-Generated Texts with “Classical” Machine Learning,https://blog.lyc8503.net/en/post/llm-classifier/,Python & Data Science,technical_blog,backend,126,2026-07-16,5618,0.35,119.08178772294579,29,,26,41
Why do AI company logos look like buttholes? (2025),https://velvetshark.com/ai-company-logos-that-look-like-buttholes,Web Security,technical_blog,frontend,180,2026-07-18,14549,0.3309692671394799,622.5852524140761,56,,84,83
Microsoft has released software updates to plug at least 570 security holes,https://krebsonsecurity.com/2026/07/microsoft-patches-a-record-570-security-flaws/,Web Security,technical_blog,frontend,252,2026-07-15,5238,0.35,199.19168661913014,10,,33,7
Surrender as a non-stupid life strategy,https://sashachapin.substack.com/p/should-you-be-in-charge-of-your-life,Serverless & Edge,technical_blog,devops,138,2026-07-18,388,0.35,9.391293922780365,2,,1,3
"Duskers, the scary command line game, is getting a sequel",https://elbowgreasegames.substack.com/p/misfits-attic-announces-duskers-20,API Design,technical_blog,backend,260,2026-07-16,5550,0.2857142857142857,332.60968004941907,38,,40,74
Quintile – keyboard N×M grid tiling for macOS,https://github.com/stefanopineda/quintile,Authentication,sample_project,backend,152,2026-07-13,352,0.2727272727272727,13.623901394985106,2,,1,1
What Rose Petals Teach Us about Induction,https://www.oranlooney.com/post/rose-petals/,Cloud Infrastructure,technical_blog,devops,182,2026-07-18,119,0.0,4.68928825076547,0,,1,0
"Porting nanochat to a TPU: what carries over from PyTorch, and what breaks",https://github.com/tucan9389/nanochat-jax/discussions/1,DevOps & CI/CD,sample_project,devops,260,2026-07-15,1230,0.20754716981132076,25.277295922441382,1,,7,0
Bluesky Trademarks ATProto,https://atproto.com/blog/at-protocol-trademark,Frontend Frameworks,technical_blog,frontend,100,2026-07-16,5371,0.35,552.9280898151437,23,,26,29
Starlink from 1984,https://nemanjatrifunovic.substack.com/p/starlink-from-1984,Mobile Development,technical_blog,frontend,100,2026-07-12,1689,0.35,75.18405937902823,7,,15,3
Schema Harness Achieves ~99% on Arc‑AGI‑3 Public,https://schema-harness.github.io/,API Design,technical_blog,backend,168,2026-07-16,3421,0.35,187.30062591221068,4,,12,4
LG ThinQ Terms of Use,https://news.ycombinator.com/item?id=48958273,Python & Data Science,technical_blog,backend,100,2026-07-18,1709,0.35,96.00824301206445,13,,6,24
